{
  "epoch": [
    0,
    1,
    2,
    3,
    4,
    5
  ],
  "train_loss": [
    124.0507934324203,
    102.88365313314623,
    102.84773586642358,
    99.24446998103973,
    NaN,
    NaN
  ],
  "train_cp_loss": [],
  "train_knots_loss": [],
  "val_loss": [
    53.157509326934814,
    51.840917229652405,
    51.99350929260254,
    48.939406394958496,
    NaN,
    NaN
  ],
  "val_cp_loss": [],
  "val_knots_loss": [],
  "lr": [
    5e-05,
    5e-05,
    5e-05,
    5e-05,
    5e-05,
    5e-05
  ]
}