{
  "epoch": [
    0,
    1,
    2,
    3,
    4,
    5,
    6,
    7,
    8,
    9,
    10,
    11,
    12,
    13,
    14,
    15,
    16,
    17,
    18,
    19,
    20,
    21,
    22,
    23,
    24,
    25,
    26,
    27,
    28,
    29,
    30,
    31,
    32,
    33,
    34,
    35,
    36,
    37,
    38,
    39,
    40,
    41,
    42,
    43,
    44,
    45,
    46,
    47,
    48,
    49,
    50,
    51,
    52,
    53,
    54,
    55,
    56,
    57,
    58,
    59,
    60,
    61,
    62,
    63,
    64,
    65,
    66,
    67,
    68,
    69,
    70,
    71,
    72,
    73,
    74,
    75,
    76,
    77,
    78,
    79,
    80,
    81,
    82,
    83,
    84,
    85,
    86,
    87,
    88,
    89,
    90,
    91,
    92,
    93,
    94,
    95,
    96,
    97,
    98,
    99
  ],
  "train_loss": [
    135.35165479106288,
    122.96576313818655,
    115.1869997824392,
    111.52215397742486,
    104.8845377737476,
    103.45908435698479,
    102.56764873381584,
    103.22508818103421,
    100.63761421941942,
    100.68943829690257,
    115.69066121501308,
    111.21942003311649,
    98.47158202817363,
    97.69130239179057,
    97.121763537007,
    93.69822766703945,
    97.85584234422252,
    93.99678753268334,
    89.04981354744204,
    88.20149440150107,
    84.47670788918772,
    85.03585689298568,
    82.14960687391219,
    80.16013434625441,
    83.95550980106476,
    76.15799319359564,
    72.90452218824818,
    72.31882510646697,
    75.76938327666252,
    70.92917045470207,
    68.10820810256466,
    67.36167435492239,
    63.27199994364092,
    66.07774977530202,
    64.5219815392648,
    65.05854191318635,
    64.60303400024291,
    65.26879473655454,
    64.6304158549155,
    70.54769534449423,
    63.49963588099326,
    63.567321469706876,
    72.74889035378733,
    64.63406396681263,
    64.77227069485572,
    64.54498192571825,
    63.91281873949112,
    65.33687745371172,
    66.6378892467868,
    63.44189868434783,
    63.307463430589245,
    66.93852381552419,
    62.92668545630671,
    62.10144575180546,
    65.12822015823856,
    62.905252825829294,
    68.49933341241652,
    64.84995079040527,
    69.99722437704763,
    63.11140324992518,
    63.612054063427834,
    64.46219788828203,
    69.46058384064705,
    67.2447954608548,
    62.272940851026966,
    64.04925091035905,
    65.61927876933929,
    71.95682513329291,
    64.7222885624055,
    63.33113694960071,
    63.17951574633199,
    70.3533378724129,
    64.49692803044474,
    66.17903799395407,
    65.884931964259,
    67.2708320002402,
    71.93189971677718,
    66.19596333657542,
    66.6474082085394,
    63.1931752697114,
    64.04559233880812,
    66.0215443026635,
    67.66800917348554,
    62.93035747158912,
    67.8261191460394,
    65.67801426303002,
    67.66571414086127,
    65.68685974613312,
    67.07364931414205,
    74.17199131750291,
    64.77342491765177,
    65.8640469889487,
    66.33443334025722,
    62.97732405508718,
    63.138779594052224,
    66.2791362577869,
    72.49868848246913,
    66.09755399150234,
    67.16507185659101,
    66.41910371472758
  ],
  "train_cp_loss": [],
  "train_knots_loss": [],
  "val_loss": [
    63.03123617172241,
    59.49132513999939,
    55.17142391204834,
    53.291340589523315,
    52.04049110412598,
    52.68953609466553,
    52.1840386390686,
    52.365724325180054,
    51.96779656410217,
    51.59782695770264,
    51.53227090835571,
    49.70711851119995,
    49.4723060131073,
    49.49171853065491,
    47.827431440353394,
    47.82344126701355,
    47.79888701438904,
    47.31781053543091,
    46.71501612663269,
    45.98763728141785,
    41.66877317428589,
    41.109678506851196,
    39.462851762771606,
    41.87052798271179,
    41.27862882614136,
    41.02203071117401,
    40.755768179893494,
    40.87844944000244,
    40.414769411087036,
    41.95780265331268,
    45.29068470001221,
    45.42756736278534,
    45.18020844459534,
    44.690035343170166,
    45.13421034812927,
    50.40385913848877,
    51.59298300743103,
    51.4667090177536,
    51.33868086338043,
    50.11681318283081,
    51.291462421417236,
    51.826231479644775,
    51.09956622123718,
    51.78254556655884,
    51.24310278892517,
    52.03589200973511,
    51.46620774269104,
    52.12887406349182,
    52.26272010803223,
    52.33305072784424,
    52.279675245285034,
    52.27013289928436,
    52.27040672302246,
    52.277791261672974,
    52.448649168014526,
    52.70111131668091,
    52.508150815963745,
    52.63459038734436,
    52.42764186859131,
    52.49486720561981,
    52.597994804382324,
    52.61929762363434,
    52.5690221786499,
    52.491562843322754,
    52.751996755599976,
    52.85344839096069,
    52.8191032409668,
    52.80629777908325,
    52.78455877304077,
    52.99334645271301,
    52.69574153423309,
    52.93248462677002,
    52.92483854293823,
    52.98681569099426,
    52.77630567550659,
    52.79456090927124,
    52.99536061286926,
    53.01967239379883,
    52.68918216228485,
    53.010754108428955,
    53.01390719413757,
    53.00913739204407,
    52.994113087654114,
    53.046234488487244,
    53.02892279624939,
    53.01576256752014,
    53.026745557785034,
    53.00403964519501,
    53.02220368385315,
    53.00494968891144,
    53.00288391113281,
    53.01627039909363,
    53.016058921813965,
    52.997007846832275,
    52.99151647090912,
    53.00266754627228,
    53.009955167770386,
    53.00634694099426,
    53.01644039154053,
    53.03885841369629
  ],
  "val_cp_loss": [],
  "val_knots_loss": [],
  "lr": [
    1e-05,
    1e-05,
    1e-05,
    1e-05,
    1e-05,
    1e-05,
    1e-05,
    1e-05,
    1e-05,
    1e-05,
    1e-05,
    1e-05,
    1e-05,
    1e-05,
    1e-05,
    1e-05,
    1e-05,
    1e-05,
    1e-05,
    1e-05,
    1e-05,
    1e-05,
    1e-05,
    1e-05,
    1e-05,
    1e-05,
    1e-05,
    1e-05,
    1e-05,
    1e-05,
    1e-05,
    1e-05,
    1e-05,
    5e-06,
    5e-06,
    5e-06,
    5e-06,
    5e-06,
    5e-06,
    5e-06,
    5e-06,
    5e-06,
    5e-06,
    5e-06,
    2.5e-06,
    2.5e-06,
    2.5e-06,
    2.5e-06,
    2.5e-06,
    2.5e-06,
    2.5e-06,
    2.5e-06,
    2.5e-06,
    2.5e-06,
    2.5e-06,
    1.25e-06,
    1.25e-06,
    1.25e-06,
    1.25e-06,
    1.25e-06,
    1.25e-06,
    1.25e-06,
    1.25e-06,
    1.25e-06,
    1.25e-06,
    1.25e-06,
    6.25e-07,
    6.25e-07,
    6.25e-07,
    6.25e-07,
    6.25e-07,
    6.25e-07,
    6.25e-07,
    6.25e-07,
    6.25e-07,
    6.25e-07,
    6.25e-07,
    3.125e-07,
    3.125e-07,
    3.125e-07,
    3.125e-07,
    3.125e-07,
    3.125e-07,
    3.125e-07,
    3.125e-07,
    3.125e-07,
    3.125e-07,
    3.125e-07,
    1.5625e-07,
    1.5625e-07,
    1.5625e-07,
    1.5625e-07,
    1.5625e-07,
    1.5625e-07,
    1.5625e-07,
    1.5625e-07,
    1.5625e-07,
    1.5625e-07,
    1.5625e-07,
    7.8125e-08
  ]
}