{
  "epoch": [
    0,
    1,
    2,
    3,
    4,
    5,
    6,
    7,
    8,
    9,
    10,
    11,
    12,
    13,
    14,
    15,
    16,
    17,
    18,
    19,
    20,
    21,
    22,
    23,
    24,
    25,
    26,
    27,
    28,
    29,
    30,
    31,
    32,
    33,
    34,
    35,
    36,
    37,
    38,
    39,
    40,
    41,
    42,
    43,
    44,
    45,
    46,
    47,
    48,
    49,
    50,
    51,
    52,
    53,
    54,
    55,
    56,
    57,
    58,
    59,
    60,
    61,
    62,
    63,
    64,
    65,
    66,
    67,
    68,
    69,
    70,
    71,
    72,
    73,
    74,
    75,
    76,
    77,
    78,
    79,
    80,
    81,
    82,
    83,
    84,
    85,
    86,
    87,
    88,
    89,
    90,
    91,
    92,
    93,
    94,
    95,
    96,
    97,
    98,
    99
  ],
  "train_loss": [
    111.81091000956874,
    99.10250167644793,
    95.37325865222562,
    87.63877290295017,
    75.84030480538645,
    72.54184744434971,
    69.27657195060483,
    70.70985757150957,
    74.63595356479767,
    84.06544334657731,
    75.70324891613376,
    80.17822653247464,
    79.7770690302695,
    67.8467262021957,
    74.22858767355642,
    75.19812922323904,
    74.12323490265877,
    74.89181583158431,
    74.93523490044379,
    64.38903820899225,
    73.9645742600964,
    63.117969805194484,
    63.2189554860515,
    62.67258342619865,
    79.2625864398095,
    91.11692182479366,
    69.33431034703409,
    74.48550230456937,
    68.06863000316005,
    67.54777659139326,
    73.49151266774824,
    74.23231555569556,
    66.51318587026289,
    62.77787300848192,
    60.108705336047755,
    76.24293868772445,
    60.701085980861414,
    72.23421441355059,
    65.74258412853364,
    69.3817827163204,
    63.70802190226893,
    66.68378953010806,
    68.28500895346365,
    63.75744782724688,
    61.995719602031095,
    65.78173514335386,
    63.429539757390174,
    63.791949918193204,
    70.54421024937784,
    72.40970023985832,
    66.43186132369503,
    64.78554461079258,
    65.79076311665196,
    73.72702826223066,
    64.0617389986592,
    64.08692052287441,
    64.86795757662865,
    63.509362682219475,
    68.26368491880355,
    63.44229341322376,
    63.85587710718955,
    66.07082693038448,
    64.8250349721601,
    63.154657179309474,
    63.62486627024989,
    60.61524594214655,
    62.578149395604285,
    63.81424460872527,
    58.946812229771766,
    61.3005060380505,
    60.95082667566115,
    60.85831949787755,
    62.87141141583842,
    64.64077208119053,
    64.62354690797868,
    68.29632376086327,
    68.40240540043,
    61.80034040635632,
    64.22908259976295,
    58.32304519222629,
    58.7470337652391,
    62.88770294189453,
    65.17607898096884,
    62.39475957808956,
    60.0943831013095,
    61.281105372213545,
    67.60019419270176,
    61.527304926226215,
    61.7418705109627,
    64.1085406272642,
    62.615807748609974,
    63.01930021470593,
    62.299369996593846,
    65.31949234008789,
    60.12765441402312,
    62.48717766423379,
    66.29507126346711,
    62.64534316524382,
    59.89680634775469,
    63.078043545446086
  ],
  "train_cp_loss": [],
  "train_knots_loss": [],
  "val_loss": [
    60.79556202888489,
    54.40193033218384,
    48.08672547340393,
    40.283790707588196,
    46.632528424263,
    43.68921422958374,
    39.13573491573334,
    41.91717058420181,
    34.337134063243866,
    45.29804027080536,
    40.43594670295715,
    48.32294458150864,
    47.51092487573624,
    50.6353485584259,
    55.451745092868805,
    48.528950452804565,
    39.15512716770172,
    50.71855068206787,
    49.11318200826645,
    36.16990923881531,
    38.71210643649101,
    38.554885149002075,
    48.834119975566864,
    40.55055224895477,
    43.83254736661911,
    47.57934653759003,
    46.20047467947006,
    40.4947184920311,
    45.22272211313248,
    46.24784755706787,
    46.97834599018097,
    40.60888022184372,
    38.058722734451294,
    37.41947227716446,
    36.76295518875122,
    45.901835918426514,
    39.6289027929306,
    46.62787103652954,
    37.320885479450226,
    38.93933379650116,
    38.01995700597763,
    36.38179957866669,
    38.18229681253433,
    37.69707143306732,
    37.77475666999817,
    37.32517647743225,
    37.804358541965485,
    39.58637261390686,
    40.523051500320435,
    39.0951042175293,
    39.517502665519714,
    39.749255657196045,
    39.764828741550446,
    38.38848352432251,
    39.0264858007431,
    38.56786459684372,
    38.5693484544754,
    38.757337749004364,
    37.49530816078186,
    37.958073139190674,
    38.68939256668091,
    38.53994381427765,
    38.62105476856232,
    38.69053798913956,
    38.57712656259537,
    38.09005165100098,
    38.14248901605606,
    38.489471673965454,
    38.51616358757019,
    38.397678911685944,
    38.190208315849304,
    38.305141270160675,
    38.171918749809265,
    39.18053102493286,
    38.825175285339355,
    39.1235266327858,
    38.98764491081238,
    38.401026368141174,
    38.93151181936264,
    38.4092652797699,
    38.162309765815735,
    38.535083174705505,
    38.718618750572205,
    38.82375866174698,
    38.59340059757233,
    38.116895735263824,
    38.77893155813217,
    38.72513860464096,
    39.01860237121582,
    38.88154661655426,
    38.85259532928467,
    38.8695273399353,
    38.843413054943085,
    38.33689045906067,
    38.857720494270325,
    38.89988201856613,
    38.91004037857056,
    38.663952112197876,
    38.603663980960846,
    38.60897082090378
  ],
  "val_cp_loss": [],
  "val_knots_loss": [],
  "lr": [
    0.0005,
    0.0005,
    0.0005,
    0.0005,
    0.0005,
    0.0005,
    0.0005,
    0.0005,
    0.0005,
    0.0005,
    0.0005,
    0.0005,
    0.0005,
    0.0005,
    0.0005,
    0.0005,
    0.0005,
    0.0005,
    0.0005,
    0.00025,
    0.00025,
    0.00025,
    0.00025,
    0.00025,
    0.00025,
    0.00025,
    0.00025,
    0.00025,
    0.00025,
    0.00025,
    0.000125,
    0.000125,
    0.000125,
    0.000125,
    0.000125,
    0.000125,
    0.000125,
    0.000125,
    0.000125,
    0.000125,
    0.000125,
    6.25e-05,
    6.25e-05,
    6.25e-05,
    6.25e-05,
    6.25e-05,
    6.25e-05,
    6.25e-05,
    6.25e-05,
    6.25e-05,
    6.25e-05,
    6.25e-05,
    3.125e-05,
    3.125e-05,
    3.125e-05,
    3.125e-05,
    3.125e-05,
    3.125e-05,
    3.125e-05,
    3.125e-05,
    3.125e-05,
    3.125e-05,
    3.125e-05,
    1.5625e-05,
    1.5625e-05,
    1.5625e-05,
    1.5625e-05,
    1.5625e-05,
    1.5625e-05,
    1.5625e-05,
    1.5625e-05,
    1.5625e-05,
    1.5625e-05,
    1.5625e-05,
    7.8125e-06,
    7.8125e-06,
    7.8125e-06,
    7.8125e-06,
    7.8125e-06,
    7.8125e-06,
    7.8125e-06,
    7.8125e-06,
    7.8125e-06,
    7.8125e-06,
    7.8125e-06,
    3.90625e-06,
    3.90625e-06,
    3.90625e-06,
    3.90625e-06,
    3.90625e-06,
    3.90625e-06,
    3.90625e-06,
    3.90625e-06,
    3.90625e-06,
    3.90625e-06,
    3.90625e-06,
    1.953125e-06,
    1.953125e-06,
    1.953125e-06,
    1.953125e-06
  ]
}