{
  "epoch": [
    0,
    1,
    2,
    3
  ],
  "train_loss": [
    137.10985577491022,
    128.2836795007029,
    130.26797682239163,
    128.93787427102365
  ],
  "train_cp_loss": [],
  "train_knots_loss": [],
  "val_loss": [
    65.35481977462769,
    65.35481977462769,
    65.35481977462769,
    65.35481977462769
  ],
  "val_cp_loss": [],
  "val_knots_loss": [],
  "lr": [
    1e-05,
    1e-05,
    1e-05,
    1e-05
  ]
}