{
  "epoch": [
    0,
    1,
    2,
    3,
    4,
    5,
    6,
    7,
    8,
    9,
    10,
    11,
    12,
    13,
    14,
    15,
    16,
    17,
    18,
    19,
    20,
    21,
    22,
    23,
    24,
    25,
    26,
    27,
    28,
    29,
    30,
    31,
    32,
    33,
    34,
    35,
    36,
    37,
    38,
    39,
    40,
    41,
    42,
    43,
    44,
    45,
    46,
    47,
    48,
    49,
    50,
    51,
    52,
    53,
    54,
    55,
    56,
    57,
    58,
    59,
    60,
    61,
    62,
    63,
    64,
    65,
    66,
    67,
    68,
    69,
    70,
    71,
    72,
    73,
    74,
    75,
    76,
    77,
    78,
    79,
    80,
    81,
    82,
    83,
    84,
    85,
    86,
    87,
    88,
    89,
    90,
    91,
    92,
    93,
    94,
    95,
    96,
    97,
    98,
    99
  ],
  "train_loss": [
    1.0681251055938152,
    1.1427354669767964,
    0.901484288459967,
    0.48330047326393366,
    0.45663442906023055,
    0.4216967382091136,
    0.4197244967434032,
    0.3960441029515148,
    0.4257569217607995,
    0.3773888452363408,
    0.3832447026386734,
    0.3734833521168094,
    0.37721974568918715,
    0.3664708159371348,
    0.3338054200588179,
    0.36479960372748454,
    0.3408081018604523,
    0.3503852981058034,
    0.31511070511557837,
    0.3239567731160763,
    0.31586339164617633,
    0.3323718526762379,
    0.3317935021886648,
    0.3235200188807712,
    0.3119305661948752,
    0.307576187478363,
    0.29363006433425853,
    0.31529319126251315,
    0.32743147575904513,
    0.2983043344368127,
    0.3055132811596571,
    0.27842733477942705,
    0.31021832847151876,
    0.27129712282133495,
    0.27055707065896556,
    0.278197139932597,
    0.2602782385839411,
    0.2597161344875974,
    0.29204514665790826,
    0.27471971117760524,
    0.27552943467354973,
    0.27103292923574607,
    0.2800390835512768,
    0.2818990130870303,
    0.2598767523492171,
    0.2676132067052786,
    0.2607438867865515,
    0.27503161138493165,
    0.2663291183816007,
    0.2762535675005479,
    0.27028331754744545,
    0.2562886575344673,
    0.26670103723352606,
    0.26272916436687976,
    0.2566870244697106,
    0.27198413571666097,
    0.26316003279745087,
    0.2779219777685059,
    0.274673823359584,
    0.2765238846629119,
    0.27666063465116436,
    0.26437795741006365,
    0.26762719797201395,
    0.23706529926785752,
    0.24956125963079043,
    0.25489484201654916,
    0.2305233544431442,
    0.2368850103032983,
    0.2320166669231801,
    0.2477564442872016,
    0.23770799952720809,
    0.2420161832893683,
    0.2492544324683749,
    0.24293555642578227,
    0.23948050702898954,
    0.2433720159937035,
    0.24082940182656296,
    0.24577243970937965,
    0.23171042626308017,
    0.2333449918684388,
    0.22982926371176382,
    0.232252646545487,
    0.24346110481799635,
    0.2412605970666921,
    0.2279670057156362,
    0.22658981429028116,
    0.22406958448431216,
    0.22512325358169138,
    0.22966832208855092,
    0.2161565162549334,
    0.22472359744970463,
    0.22225279431820902,
    0.22256102942484468,
    0.21978027432048616,
    0.223027339774715,
    0.23398133647466493,
    0.20880014529405547,
    0.23645306329342944,
    0.21557910737296768,
    0.22761281816796822
  ],
  "train_cp_loss": [
    0.5704730512682071,
    0.5200424945397564,
    0.4949336083959942,
    0.4614098371922477,
    0.4309762553735213,
    0.4033948628863027,
    0.40475601173383147,
    0.38050023103055874,
    0.41292508457564125,
    0.35972633028849343,
    0.37048652121597087,
    0.36275909496240377,
    0.3663586485853865,
    0.3555862916217855,
    0.3238280492503781,
    0.3562392839038175,
    0.33307541555855885,
    0.34364508347939854,
    0.30958706984096324,
    0.31588693566558773,
    0.31040918577677945,
    0.3261473534767293,
    0.32515410657140836,
    0.31665708586450453,
    0.30707872040138756,
    0.30146078275870686,
    0.2887201057054287,
    0.3105175130007681,
    0.3225799131799828,
    0.294915952588901,
    0.3020061954147806,
    0.27532145633431504,
    0.30694524916119814,
    0.26867579034537326,
    0.2680432356832441,
    0.2751909099088227,
    0.257606460135584,
    0.2568836975688777,
    0.2896204995037603,
    0.2723733817866026,
    0.27304736894270604,
    0.26826995882121,
    0.27821096122141714,
    0.2800103261882116,
    0.25822060589085927,
    0.2659401230144599,
    0.25928133436717277,
    0.2732491919632293,
    0.26468749993965646,
    0.27444732543234984,
    0.26877470696268,
    0.25497071595847115,
    0.2653205919364267,
    0.26146517010513415,
    0.2553464511086133,
    0.27065837626491696,
    0.2620528909447026,
    0.2766196125856608,
    0.2733814873047604,
    0.2754190530289303,
    0.2755417794235482,
    0.2631024201362094,
    0.26657482504475216,
    0.2360599496178637,
    0.2483600090481033,
    0.2538178385781848,
    0.2295880769648828,
    0.23596536208036517,
    0.2310746882326347,
    0.246649126006552,
    0.23673256080258975,
    0.24107690917497332,
    0.24819877491263317,
    0.24205518381531574,
    0.23862990619968777,
    0.2424409611166016,
    0.2399446100366017,
    0.24490045857700435,
    0.23081868212700876,
    0.23243653586457583,
    0.22894457564496798,
    0.23142952807555514,
    0.24266018021143665,
    0.2404307369912459,
    0.22711016099191894,
    0.22572024351309153,
    0.22325598037501504,
    0.22430320548986601,
    0.2288738390630927,
    0.21533900459320093,
    0.22391928741631428,
    0.2214470851150426,
    0.2217585828678667,
    0.21895071439260294,
    0.22224099980282389,
    0.2331656588872602,
    0.2080131990542589,
    0.23564854522874532,
    0.21478547365212244,
    0.22681414058878402
  ],