{
  "epoch": [
    0,
    1,
    2,
    3,
    4,
    5,
    6,
    7,
    8,
    9,
    10,
    11,
    12,
    13,
    14,
    15,
    16,
    17,
    18,
    19,
    20,
    21,
    22,
    23,
    24,
    25,
    26,
    27,
    28,
    29,
    30,
    31,
    32,
    33,
    34,
    35,
    36,
    37,
    38,
    39,
    40,
    41,
    42,
    43,
    44,
    45,
    46,
    47,
    48,
    49,
    50,
    51,
    52,
    53,
    54,
    55,
    56,
    57,
    58,
    59,
    60,
    61,
    62,
    63,
    64,
    65,
    66,
    67,
    68,
    69,
    70,
    71,
    72,
    73,
    74,
    75,
    76,
    77,
    78,
    79,
    80,
    81,
    82,
    83,
    84,
    85,
    86,
    87,
    88,
    89,
    90,
    91,
    92,
    93,
    94,
    95,
    96,
    97,
    98,
    99
  ],
  "train_loss": [
    135.35165479106288,
    124.61032178325038,
    118.28327585035755,
    143.81372771724577,
    108.34310722351074,
    105.89631148307554,
    100.70302972485942,
    105.875488773469,
    105.27950748320549,
    98.98888997108706,
    100.73532978180916,
    98.77600063816193,
    106.15231901599515,
    96.67077126041535,
    95.95109603481907,
    95.78630471998646,
    91.358462549025,
    89.88239485217679,
    96.47983698691091,
    89.16848674897224,
    85.60235120404151,
    90.17926259194651,
    81.02771026857438,
    77.23103541712607,
    78.92790843594459,
    82.23595939144012,
    76.00443963081607,
    73.87513879037672,
    70.4574197184655,
    69.82337281011766,
    68.7009508686681,
    69.07548036882955,
    71.77827625889933,
    66.34132988222184,
    65.6835454433195,
    65.4376524033085,
    67.40849771807271,
    64.85745306937925,
    63.430627330656975,
    65.30642973992133,
    64.52023029327393,
    63.490103490890995,
    69.08282661437988,
    63.33811981447281,
    64.46865091016215,
    63.746756722850186,
    65.0807013973113,
    65.5907410037133,
    63.77260863396429,
    62.54436780560401,
    63.52197400985226,
    62.98299512555522,
    61.858344124209495,
    62.68538942644673,
    66.24104465976838,
    68.94462191674018,
    69.85345785079464,
    72.3833850737541,
    63.44409202760266,
    63.14502765286353,
    65.34071136290028,
    67.66276931762695,
    66.98760081875709,
    67.00872845803538,
    67.69206656179121,
    68.64185007156864,
    67.51011405452606,
    74.60349655151367,
    65.78592817244991,
    66.02820980933404,
    66.5491540355067,
    67.17076719960859,
    72.89103760257844,
    66.53084090255922,
    67.74580721701345,
    66.66919622113627,
    73.83128529210245,
    65.90675532048748,
    75.35834853879867,
    67.53164574407762,
    67.56046842759655,
    68.30808553388042,
    68.28950912721696,
    67.26535064943376,
    66.00436315228862,
    71.22138650955692,
    66.59400330820391,
    70.00792804841072,
    66.89007011536629,
    66.80480963183987,
    66.82946781573757,
    75.42457214478523,
    69.26955112334221,
    76.19919518501528,
    66.53090286254883,
    66.6348608693769,
    66.51555602781234,
    69.22377260269657,
    67.08055410077495,
    66.99660399652296
  ],
  "train_cp_loss": [],
  "train_knots_loss": [],
  "val_loss": [
    63.03123617172241,
    59.390613079071045,
    55.080933570861816,
    51.957942485809326,
    52.3267023563385,
    51.46830940246582,
    52.52616834640503,
    52.67989158630371,
    51.64901828765869,
    51.91460657119751,
    51.61339044570923,
    51.40214204788208,
    50.04890441894531,
    48.567484855651855,
    48.081139087677,
    47.87138271331787,
    47.5021870136261,
    47.426050424575806,
    46.48481750488281,
    46.04703736305237,
    41.85012173652649,
    42.01542615890503,
    45.199894428253174,
    42.65250062942505,
    42.05088686943054,
    41.134448528289795,
    40.842175245285034,
    41.13006258010864,
    42.49530076980591,
    45.68856191635132,
    45.66754674911499,
    50.548295974731445,
    46.49040770530701,
    45.077744483947754,
    45.67298698425293,
    52.17101216316223,
    51.875751972198486,
    51.7512286901474,
    51.10473918914795,
    51.12896704673767,
    52.085700035095215,
    51.673701763153076,
    52.05217957496643,
    52.39346361160278,
    52.20362710952759,
    52.27720022201538,
    52.42598628997803,
    52.35274934768677,
    52.446144580841064,
    52.31514596939087,
    52.37683725357056,
    52.85257863998413,
    52.71905994415283,
    52.4977422952652,
    52.75546312332153,
    52.899808168411255,
    52.77528429031372,
    52.02809739112854,
    52.75605010986328,
    53.01043677330017,
    52.98094701766968,
    52.914040088653564,
    52.88942861557007,
    52.89630579948425,
    53.09979510307312,
    53.03057503700256,
    55.42937111854553,
    53.004555463790894,
    55.63505935668945,
    55.58686566352844,
    55.57648420333862,
    55.669055700302124,
    55.70243000984192,
    55.700690269470215,
    55.40193843841553,
    55.71590805053711,
    55.50550293922424,
    55.501203298568726,
    55.5003867149353,
    55.47522830963135,
    55.56250858306885,
    55.56934881210327,
    55.51102089881897,
    55.54845643043518,
    55.54302930831909,
    55.52549982070923,
    55.48880577087402,
    55.47145056724548,
    55.48778438568115,
    55.50483703613281,
    55.528817772865295,
    55.50467872619629,
    55.454925775527954,
    55.42434573173523,
    55.4436297416687,
    55.445215463638306,
    55.45099687576294,
    55.46898555755615,
    55.47259736061096,
    57.04790234565735
  ],
  "val_cp_loss": [],
  "val_knots_loss": [],
  "lr": [
    1e-05,
    1e-05,
    1e-05,
    1e-05,
    1e-05,
    1e-05,
    1e-05,
    1e-05,
    1e-05,
    1e-05,
    1e-05,
    1e-05,
    1e-05,
    1e-05,
    1e-05,
    1e-05,
    1e-05,
    1e-05,
    1e-05,
    1e-05,
    1e-05,
    1e-05,
    1e-05,
    1e-05,
    1e-05,
    1e-05,
    1e-05,
    1e-05,
    1e-05,
    1e-05,
    1e-05,
    1e-05,
    1e-05,
    1e-05,
    1e-05,
    1e-05,
    1e-05,
    5e-06,
    5e-06,
    5e-06,
    5e-06,
    5e-06,
    5e-06,
    5e-06,
    5e-06,
    5e-06,
    5e-06,
    5e-06,
    2.5e-06,
    2.5e-06,
    2.5e-06,
    2.5e-06,
    2.5e-06,
    2.5e-06,
    2.5e-06,
    2.5e-06,
    2.5e-06,
    2.5e-06,
    2.5e-06,
    1.25e-06,
    1.25e-06,
    1.25e-06,
    1.25e-06,
    1.25e-06,
    1.25e-06,
    1.25e-06,
    1.25e-06,
    1.25e-06,
    1.25e-06,
    1.25e-06,
    6.25e-07,
    6.25e-07,
    6.25e-07,
    6.25e-07,
    6.25e-07,
    6.25e-07,
    6.25e-07,
    6.25e-07,
    6.25e-07,
    6.25e-07,
    6.25e-07,
    3.125e-07,
    3.125e-07,
    3.125e-07,
    3.125e-07,
    3.125e-07,
    3.125e-07,
    3.125e-07,
    3.125e-07,
    3.125e-07,
    3.125e-07,
    3.125e-07,
    1.5625e-07,
    1.5625e-07,
    1.5625e-07,
    1.5625e-07,
    1.5625e-07,
    1.5625e-07,
    1.5625e-07,
    1.5625e-07
  ]
}